<?xml version="1.0" encoding="utf-8"?>
<extension
        type="module"
        version="2.5"
        client="site"
        method="upgrade">
    <name>mod_gamechat</name>
    <author>Nguyen Song Hao</author>
    <creationDate>Feb 30 2015</creationDate>
    <copyright>Copyright (C) Nguyen Song Hao</copyright>
    <license>GNU General Public License version 2 or later; see LICENSE.txt</license>
    <authorEmail>nguyensonghao974@gmail.com</authorEmail>
    <authorUrl>www.chessvn.org</authorUrl>
    <version>2.5.0</version>
    <description>MOD_CHAT_XML_DESCRIPTION</description>
    <files>
        <filename module="mod_gamechat">mod_gamechat.php</filename>
        <folder>tmpl</folder>
        <filename>helper.php</filename>
        <filename>mod_gamechat.xml</filename>
    </files>
    <config>

    </config>
</extension>
