<?xml version="1.0" encoding="utf-8"?>
<install type="module" version="1.5.0">
 <name>Facebook Login</name>
 <author>Saran Chamling</author>
 <creationDate>19 Fev, 2011</creationDate>
 <copyright>Copyright (C) 2011 http://www.saaraan.com. All rights reserved.</copyright>
 <license>http://www.gnu.org/licenses/gpl-3.0-standalone.html</license>
 <version>1</version>
 <description>MOD_FBCONNCTXML_DESCRIPTION</description>
	 <files>
		  <filename module="mod_fbconnct">mod_fbconnct.php</filename>
		  <filename>mod_fbconnct.xml</filename>
		  <filename>index.html</filename>
		   <filename>helper.php</filename>
		  <folder>assets</folder>
		  <folder>tmpl</folder>
	 </files>
 	<languages folder="languages">
		<language tag="en-GB">en-GB.mod_fbconnct.ini</language>
	</languages>
  <!-- Optional parameters -->
	<params>
	<param name="show-login-form" type="radio" default="1" label="MOD_FBCONNCT_SHOW_LOGIN_FORM" description="MOD_FBCONNCT_SHOW_LOGIN_FORM_DESC" >
		<option value="1">MOD_FBCONNCT_YES</option>
		<option value="0">MOD_FBCONNCT_NO</option>
	</param>
	<param name="show-facebook-image" type="list" default="square" label="MOD_FBCONNCT_SHOWFBIMG" description="MOD_FBCONNCT_SHOWFBIMGDESC" >
		<option value="normal">MOD_FBCONNCT_NORMAL</option>
		<option value="large">MOD_FBCONNCT_LARGE</option>
		<option value="square">MOD_FBCONNCT_SQUARE</option>
		<option value="none">MOD_FBCONNCT_NONE</option>
	</param>
	<param name="pretext" type="text" default="" label="MOD_FBCONNCT_PRETEXT" description="MOD_FBCONNCT_PRETEXTDESC" />
	
			<param name="@spacer" type="spacer" default="" label="" description="" />
		<param name="usesecure" type="radio" default="0" label="MOD_FBCONNCT_SHOW_ENCRYPT_LOGIN_FORM" description="MOD_FBCONNCT_SHOW_ENCRYPT_LOGIN_FORM_DESC">
			<option value="0">MOD_FBCONNCT_NO</option>
			<option value="1">MOD_FBCONNCT_YES</option>
		</param>
		<param name="moduleclass_sfx" type="text" default="" label="Module Class Suffix" description="PARAMMODULECLASSSUFFIX" />
		<param name="cache" type="list" default="1" label="Caching" description="Select whether to cache the content of this module">
			<option value="0">Never</option>
		</param>

</params>
<!-- Joomla! 1.6 -->
<config>
<fields name="params">
<fieldset name="basic" label="MOD_FBCONNCT_SETTINGS">
	<field name="show-login-form" type="radio" default="1" label="MOD_FBCONNCT_SHOW_LOGIN_FORM" description="MOD_FBCONNCT_SHOW_LOGIN_FORM_DESC" >
		<option value="1">MOD_FBCONNCT_YES</option>
		<option value="0">MOD_FBCONNCT_NO</option>
	</field>

	<field name="show-facebook-image" type="list" default="square" label="MOD_FBCONNCT_SHOWFBIMG" description="MOD_FBCONNCT_SHOWFBIMGDESC" >
		<option value="normal">MOD_FBCONNCT_NORMAL</option>
		<option value="large">MOD_FBCONNCT_LARGE</option>
		<option value="square">MOD_FBCONNCT_SQUARE</option>
		<option value="none">MOD_FBCONNCT_NONE</option>
	</field>
	<field name="pretext" type="text" default="" label="MOD_FBCONNCT_PRETEXT" description="MOD_FBCONNCT_PRETEXTDESC" />
</fieldset>
<fieldset name="advanced">
		<field name="usesecure" type="radio" default="0" label="MOD_FBCONNCT_SHOW_ENCRYPT_LOGIN_FORM" description="MOD_FBCONNCT_SHOW_ENCRYPT_LOGIN_FORM_DESC">
			<option value="0">No</option>
			<option value="1">Yes</option>
		</field>
	<field name="layout" type="modulelayout" label="JFIELD_ALT_LAYOUT_LABEL" description="JFIELD_ALT_MODULE_LAYOUT_DESC" />
	<field name="moduleclass_sfx" type="text" label="COM_MODULES_FIELD_MODULECLASS_SFX_LABEL" description="COM_MODULES_FIELD_MODULECLASS_SFX_DESC" />
	<field name="cache" type="list" default="1" label="COM_MODULES_FIELD_CACHING_LABEL" description="COM_MODULES_FIELD_CACHING_DESC">
		<option value="1">JGLOBAL_USE_GLOBAL</option>
		<option value="0">COM_MODULES_FIELD_VALUE_NOCACHING</option>
	</field>
	<field name="cache_time" type="text" default="900" label="COM_MODULES_FIELD_CACHE_TIME_LABEL" description="COM_MODULES_FIELD_CACHE_TIME_DESC" />
	<field name="cachemode" type="hidden" default="static">
		<option value="static"></option>
	</field>
</fieldset>
</fields>
</config>
</install>
