<?xml version="1.0" encoding="utf-8"?>
<extension type="module" version="2.5" client="site" method="upgrade">
	<name>Register Module</name>
	<author>Admin chessvn</author>
	<creationDate>Feb 25 2015</creationDate>
	<copyright>Copyright (c) 2015 Logobook Ltd. All rights reserved.</copyright>
	<license>http://www.gnu.org/licenses/gpl-2.0.html GNU/GPL</license>
	<authorEmail>khanglq2014@gmail.com</authorEmail>
	<authorUrl>www.chessvn.org</authorUrl>
	<version>1.0</version>
	<description>Register module for Chessvn.org, including Capcha, allow facebook sign-up</description>
	<languages>
		<language tag="en-GB">language/en-GB.mod_register.ini</language>
	</languages>
		
	<files>
		<filename module="mod_register">mod_register.php</filename>
		<folder>tmpl/</folder>
		<filename>index.html</filename>
	</files>
	<config>
		<fields name="params">
			<fieldset name="basic">
				<param name="moduleclass_sfx" type="text" default="" label="Module Class Suffix" description="Module Class Suffix" />		
			</fieldset>	
			
			<fieldset name="advanced">
				<field name="cache" type="hidden" default="0"/>
				<field name="useCache" type="list" default="1" label="USECACHE" description="USECACHE_DESC">
					<option value="1">ENABLED</option>
					<option value="0">DISABLED</option>
				</field>
				<field name="cacheTime" type="text" default="10" label="CACHETIME" description="CACHETIME_DESC"/>
			</fieldset>
		</fields>
	</config>	
</extension>
