<?xml version="1.0" encoding="utf-8"?>
<extension type="component" version="2.5" method="upgrade">
<name>com_chessvn</name>
<creationDate>3/3/2015</creationDate>
<author>Admin chessvn</author>
<authorEmail>khanglq2014@gmail.com</authorEmail>
<authorUrl>www.chessvn.org</authorUrl>
<copyright>Copyright (c) 2015 Logobook Ltd. All rights reserved.</copyright>
<license>http://www.gnu.org/licenses/gpl-2.0.html GNU/GPL</license>
<!--  The version string is recorded in the components table -->
<version>1.00</version>
<!-- The description is optional and defaults to the name -->
<description>COM_CHESSVN_DESC</description>

    <!--Run script to create sql views after installing -->
    <!--<scriptfile>script.php</scriptfile>-->

<install>
<sql>
<file charset="utf8" driver="mysql">sql/install.sql</file>
</sql>
</install>
<uninstall>
<sql>
<file charset="utf8" driver="mysql">sql/uninstall.sql</file>
</sql>
</uninstall>

<files folder="site">
<filename>index.html</filename>
<filename>chessvn.php</filename>
<filename>controller.php</filename>
<folder>controllers</folder>
<folder>models</folder>
<folder>helpers</folder>
<folder>views</folder>

</files>
<languages>
<language tag="en-GB">languages/en-GB.com_chessvn.ini</language>
<language tag="vi-VN">languages/vi-VN.com_chessvn.ini</language>

</languages>
<administration>
<menu>COM_CHESSVN_LABEL</menu>
<files folder="admin">
<filename>index.html</filename>
<filename>chessvn.php</filename>
<filename>controller.php</filename>
<filename>config.xml</filename>
<filename>access.xml</filename>
<folder>controllers</folder>
<folder>models</folder>
<folder>tables</folder>
<folder>views</folder>
<folder>sql</folder>

</files>
<languages>
<language tag="en-GB">languages/en-GB.com_chessvn.ini</language>
<language tag="vi-VN">languages/vi-VN.com_chessvn.ini</language>

<language tag="en-GB">languages/en-GB.com_chessvn.sys.ini</language>
<language tag="vi-VN">languages/vi-VN.com_chessvn.sys.ini</language>

</languages>
</administration>
</extension>
