<?xml version="1.0" encoding="utf-8"?>
<extension type="component" version="2.5" method="upgrade">
	<name>com_cvnusers</name>
    <creationDate>1/4/2015</creationDate>
    <author>Admin chessvn</author>
    <authorEmail>khanglq2014@gmail.com</authorEmail>
    <authorUrl>www.chessvn.org</authorUrl>
    <copyright>Copyright (c) 2015 Logobook Ltd. All rights reserved.</copyright>
    <license>http://www.gnu.org/licenses/gpl-2.0.html GNU/GPL</license>
	<version>2.5.0</version>
	<description>COM_USERS_XML_DESCRIPTION</description>

	<files folder="site">
		<filename>controller.php</filename>
		<filename>index.html</filename>
		<filename>router.php</filename>
		<filename>cvnusers.php</filename>
		<folder>controllers</folder>
		<folder>helpers</folder>
		<folder>models</folder>
		<folder>views</folder>
	</files>
	<languages folder="site">
		<language tag="en-GB">language/en-GB.com_cvnusers.ini</language>
        <language tag="vi-VN">language/vi-VN.com_cvnusers.ini</language>
	</languages>
    <administration>
    </administration>
</extension>
