<?xml version="1.0" encoding="utf-8"?>
<!DOCTYPE install SYSTEM "http://dev.joomla.org/xml/1.5/component-install.dtd">
<install type="component" version="1.5" method="upgrade">
	<name>FBCONNCT</name>
	<creationDate>2011-01-17</creationDate>
	<author>Saran Chamling</author>
	<authorEmail>saaraan@gmail.com</authorEmail>
	<authorUrl>http://www.saaraan.com</authorUrl>
	<version>3.1.1</version>
	<license>http://www.gnu.org/licenses/gpl-3.0-standalone.html</license>
	<copyright>Copyright (C) 2011 http://www.saaraan.com. All rights reserved.</copyright>
	<description>Lets Facebook users quickly register on your site. Need to enable module in module manager.</description>
<installfile>install.fbconnct.php</installfile>
<uninstallfile>uninstall.fbconnct.php</uninstallfile>
<modules>
	<module folder="modules" module="mod_fbconnct" name="Facebook Login" />
</modules>
<plugins>
</plugins>
	<install>
		<sql>
		<file driver="mysql" charset="utf8">install.sql</file>
		</sql>
	</install>
	<files folder="site">
		<filename>index.html</filename>
		<filename>fbconnct.php</filename>
		<filename>controller.php</filename>
		<folder>views</folder>
		<folder>inc</folder>
		<folder>assets</folder>
	</files>
	<languages folder="languages">
		<language tag="en-GB">site/en-GB.com_fbconnct.ini</language>
		<language tag="en-GB">site/en-GB.com_fbconnct.sys.ini</language>
	</languages>
	<administration>
			<menu img="components/com_fbconnct/assets/16home.png">FBCONNCT</menu>
			<submenu>
				<menu view="fbconnct" img="components/com_fbconnct/assets/16home.png">FACEBOOK-CONNECT</menu>
				<menu view="users" img="components/com_fbconnct/assets/16fbuser.png">CONNECTED-USERS</menu>
				<menu view="test" img="components/com_fbconnct/assets/16test.png">FACEBOOK-TEST</menu>
			</submenu>
			<files folder="admin">
					<filename>index.html</filename>
					<filename>admin.fbconnct.php</filename>
					<filename>controller.php</filename>
					<filename>config.xml</filename>
					<filename>install.sql</filename>
					<folder>assets</folder>
					<folder>models</folder>
					<folder>helpers</folder>
					<folder>views</folder>
			</files>  
			<languages folder="languages">
					<language tag="en-GB">admin/en-GB.com_fbconnct.ini</language>
					<language tag="en-GB">admin/en-GB.com_fbconnct.sys.ini</language>
			</languages>
	</administration>
</install>